Workbook

Sheet Inputs
B2: Note Autocall (Athena / Phoenix a memoire) -- Parametres
B4: Parametre | C4: Valeur
B5: Spot initial (S0) | C5: 200
B6: Notional | C6: 1000
B7: Taux sans risque (r) | C7: 0.06
B8: Rendement de dividende (q) | C8: 0.02
B9: Volatilite (sigma) | C9: 0.22
B10: Barriere autocall (% de S0) | C10: 1
B11: Barriere de coupon (% de S0) | C11: 0.7
B12: Barriere de protection du capital (% de S0) | C12: 0.7
B13: Taux de coupon annuel | C13: 0.08
B15: Dates d'observation (annees)
B16: Date 1 | C16: 1
B17: Date 2 | C17: 2
B18: Date 3 | C18: 3
B21: Legende : cellules jaunes = parametres modifiables

Sheet Payoff Diagram
B2: Diagramme de payoff a l'echeance (si jamais rappelee avant)
B4: Performance S_T/S0 | C4: S_T | D4: Remboursement | E4: Coupon final (si du) | F4: Total
B5: 0.3 | C5: =B5*Inputs!$C$5 -> 60 | D5: =IF(C5>=Inputs!$C$12*Inputs!$C$5,Inputs!$C$6,Inputs!$C$6*C5/Inputs!$C$5) -> 300 | E5: =IF(C5>=Inputs!$C$11*Inputs!$C$5,Inputs!$C$13*Inputs!$C$6,0) -> 0 | F5: =D5+E5 -> 300
B6: 0.35 | C6: =B6*Inputs!$C$5 -> 70 | D6: =IF(C6>=Inputs!$C$12*Inputs!$C$5,Inputs!$C$6,Inputs!$C$6*C6/Inputs!$C$5) -> 350 | E6: =IF(C6>=Inputs!$C$11*Inputs!$C$5,Inputs!$C$13*Inputs!$C$6,0) -> 0 | F6: =D6+E6 -> 350
B7: 0.4 | C7: =B7*Inputs!$C$5 -> 80 | D7: =IF(C7>=Inputs!$C$12*Inputs!$C$5,Inputs!$C$6,Inputs!$C$6*C7/Inputs!$C$5) -> 400 | E7: =IF(C7>=Inputs!$C$11*Inputs!$C$5,Inputs!$C$13*Inputs!$C$6,0) -> 0 | F7: =D7+E7 -> 400
B8: 0.45 | C8: =B8*Inputs!$C$5 -> 90 | D8: =IF(C8>=Inputs!$C$12*Inputs!$C$5,Inputs!$C$6,Inputs!$C$6*C8/Inputs!$C$5) -> 450 | E8: =IF(C8>=Inputs!$C$11*Inputs!$C$5,Inputs!$C$13*Inputs!$C$6,0) -> 0 | F8: =D8+E8 -> 450
B9: 0.5 | C9: =B9*Inputs!$C$5 -> 100 | D9: =IF(C9>=Inputs!$C$12*Inputs!$C$5,Inputs!$C$6,Inputs!$C$6*C9/Inputs!$C$5) -> 500 | E9: =IF(C9>=Inputs!$C$11*Inputs!$C$5,Inputs!$C$13*Inputs!$C$6,0) -> 0 | F9: =D9+E9 -> 500
B10: 0.55 | C10: =B10*Inputs!$C$5 -> 110 | D10: =IF(C10>=Inputs!$C$12*Inputs!$C$5,Inputs!$C$6,Inputs!$C$6*C10/Inputs!$C$5) -> 550 | E10: =IF(C10>=Inputs!$C$11*Inputs!$C$5,Inputs!$C$13*Inputs!$C$6,0) -> 0 | F10: =D10+E10 -> 550
B11: 0.6 | C11: =B11*Inputs!$C$5 -> 120 | D11: =IF(C11>=Inputs!$C$12*Inputs!$C$5,Inputs!$C$6,Inputs!$C$6*C11/Inputs!$C$5) -> 600 | E11: =IF(C11>=Inputs!$C$11*Inputs!$C$5,Inputs!$C$13*Inputs!$C$6,0) -> 0 | F11: =D11+E11 -> 600
B12: 0.65 | C12: =B12*Inputs!$C$5 -> 130 | D12: =IF(C12>=Inputs!$C$12*Inputs!$C$5,Inputs!$C$6,Inputs!$C$6*C12/Inputs!$C$5) -> 650 | E12: =IF(C12>=Inputs!$C$11*Inputs!$C$5,Inputs!$C$13*Inputs!$C$6,0) -> 0 | F12: =D12+E12 -> 650
B13: 0.7 | C13: =B13*Inputs!$C$5 -> 140 | D13: =IF(C13>=Inputs!$C$12*Inputs!$C$5,Inputs!$C$6,Inputs!$C$6*C13/Inputs!$C$5) -> 1000 | E13: =IF(C13>=Inputs!$C$11*Inputs!$C$5,Inputs!$C$13*Inputs!$C$6,0) -> 80 | F13: =D13+E13 -> 1080
B14: 0.75 | C14: =B14*Inputs!$C$5 -> 150 | D14: =IF(C14>=Inputs!$C$12*Inputs!$C$5,Inputs!$C$6,Inputs!$C$6*C14/Inputs!$C$5) -> 1000 | E14: =IF(C14>=Inputs!$C$11*Inputs!$C$5,Inputs!$C$13*Inputs!$C$6,0) -> 80 | F14: =D14+E14 -> 1080
B15: 0.8 | C15: =B15*Inputs!$C$5 -> 160 | D15: =IF(C15>=Inputs!$C$12*Inputs!$C$5,Inputs!$C$6,Inputs!$C$6*C15/Inputs!$C$5) -> 1000 | E15: =IF(C15>=Inputs!$C$11*Inputs!$C$5,Inputs!$C$13*Inputs!$C$6,0) -> 80 | F15: =D15+E15 -> 1080
B16: 0.85 | C16: =B16*Inputs!$C$5 -> 170 | D16: =IF(C16>=Inputs!$C$12*Inputs!$C$5,Inputs!$C$6,Inputs!$C$6*C16/Inputs!$C$5) -> 1000 | E16: =IF(C16>=Inputs!$C$11*Inputs!$C$5,Inputs!$C$13*Inputs!$C$6,0) -> 80 | F16: =D16+E16 -> 1080
... B27: 1.4 | C27: =B27*Inputs!$C$5 -> 280 | D27: =IF(C27>=Inputs!$C$12*Inputs!$C$5,Inputs!$C$6,Inputs!$C$6*C27/Inputs!$C$5) -> 1000 | E27: =IF(C27>=Inputs!$C$11*Inputs!$C$5,Inputs!$C$13*Inputs!$C$6,0) -> 80 | F27: =D27+E27 -> 1080

Sheet Pricing Summary
B2: Resultats de pricing -- moteur Monte Carlo (Python)
B4: Valeurs calculees par le moteur Python (pricer.py, 300 000 trajectoires, variates antithetiques), reportees ici pour la presentation. Le classeur ne relance pas la simulation -- voir le module VBA (AutocallPricer.bas) pour une version executable directement dans Excel.
B6: Indicateur | C6: Valeur
B7: Prix (unites monetaires) | C7: 972.77512
B8: Prix (% du notional) | C8: 0.97277512
B9: Erreur standard Monte Carlo | C9: 1.080029
B10: Delta (dP/dS pour 1 unite de spot) | C10: 2.9975
B11: Probabilite de rappel anticipe (avant echeance) | C11: 0.593
B12: Probabilite de perte en capital a l'echeance | C12: 0.171
B13: Duree de vie moyenne attendue (annees) | C13: 1.93
B15: Probabilite de rappel par date
B16: Annee 1 | C16: 0.474
B17: Annee 2 | C17: 0.119
B18: Jamais rappelee (echeance) | C18: 0.407
